{
  "type": "STANDARD",
  "hasLegacyBackendURL": false,
  "params": {
    "backendEnabled": false,
    "enableJavascriptModules": false,
    "autoStartBackend": false,
    "hideJSSecurityPanel": false,
    "envSelection": {
      "envMode": "INHERIT"
    },
    "nbProcesses": 1,
    "libraries": [
      "jquery",
      "dataiku"
    ],
    "infra": {
      "containerSelection": {
        "containerMode": "INHERIT"
      },
      "overrideGlobalK8sExposition": false,
      "exposition": {
        "type": "local_process",
        "params": {}
      },
      "scaling": {
        "initialReplicas": 1,
        "hpa": false,
        "hpaTargetCPUPercent": 0,
        "hpaMetrics": [],
        "hpaMinPods": 0,
        "hpaMaxPods": 0,
        "hpaAnnotations": []
      },
      "deploymentModifier": {}
    },
    "forceAuthentication": false
  },
  "config": {},
  "name": "Web_App_Test",
  "apiKey": "dummyKey_jR3nveeuySbikg5bj3FpO0Y3843TeF6E",
  "versionTag": {
    "versionNumber": 0,
    "lastModifiedBy": {
      "login": "admin"
    },
    "lastModifiedOn": 1634132105171
  },
  "creationTag": {
    "versionNumber": 0,
    "lastModifiedBy": {
      "login": "admin"
    },
    "lastModifiedOn": 1634132105171
  },
  "tags": [],
  "checklists": {
    "checklists": []
  },
  "customFields": {},
  "isVirtual": false
}