{
  "pages": [
    {
      "id": "zB7bpq8",
      "grid": {
        "tiles": [
          {
            "tileType": "TEXT",
            "box": {
              "top": 0,
              "left": 0,
              "width": 8,
              "height": 3
            },
            "clickAction": "DO_NOTHING",
            "tileParams": {
              "textAlign": "LEFT",
              "isTransparent": false
            },
            "autoLoad": true,
            "showTitle": "NO",
            "displayMode": "INSIGHT",
            "resizeImageMode": "FIT_SIZE"
          }
        ]
      },
      "showTitle": false
    }
  ],
  "owner": "nmenghani",
  "listed": true,
  "name": "Knapsack Test\u0027s default dashboard",
  "showGrid": true,
  "versionTag": {
    "versionNumber": 9,
    "lastModifiedBy": {
      "login": "admin"
    },
    "lastModifiedOn": 1634216436105
  },
  "creationTag": {
    "versionNumber": 0,
    "lastModifiedBy": {
      "login": "nmenghani"
    },
    "lastModifiedOn": 1629209726609
  },
  "tags": [],
  "customFields": {},
  "checklists": {
    "checklists": []
  }
}