{
  "projectKey": "KNAPSACKTEST",
  "id": "DAILY_RUN",
  "type": "step_based",
  "name": "daily_run",
  "active": true,
  "versionTag": {
    "versionNumber": 2,
    "lastModifiedBy": {
      "login": "admin"
    },
    "lastModifiedOn": 1629986932570
  },
  "checklists": {
    "checklists": []
  },
  "delayedTriggersBehavior": {
    "delayWhileRunning": true,
    "squashDelayedTriggers": true,
    "suppressTriggersWhileRunning": true
  },
  "tags": [],
  "triggers": [
    {
      "id": "LMpZUhQN",
      "type": "temporal",
      "name": "Time-based",
      "delay": 5,
      "active": true,
      "params": {
        "repeatFrequency": 1,
        "frequency": "Daily",
        "startingFrom": "2021-08-26T14:08:00.000Z",
        "daysOfWeek": [
          "Thursday"
        ],
        "minute": 8,
        "hour": 10,
        "timezone": "SERVER"
      }
    }
  ],
  "reporters": [],
  "params": {
    "steps": [
      {
        "id": "build_1_true_d_nba_knapsack_prep",
        "type": "build_flowitem",
        "name": "Step #1",
        "runConditionType": "RUN_IF_STATUS_MATCH",
        "runConditionStatuses": [
          "SUCCESS",
          "WARNING"
        ],
        "runConditionExpression": "",
        "resetScenarioStatus": false,
        "delayBetweenRetries": 10,
        "maxRetriesOnFail": 0,
        "params": {
          "builds": [
            {
              "type": "DATASET",
              "itemId": "nba_knapsack_prep",
              "partitionsSpec": ""
            }
          ],
          "jobType": "NON_RECURSIVE_FORCED_BUILD",
          "refreshHiveMetastore": true,
          "proceedOnFailure": false
        }
      },
      {
        "id": "build_1_true_d_nba_knapsack_output",
        "type": "build_flowitem",
        "name": "Step #2",
        "runConditionType": "RUN_IF_STATUS_MATCH",
        "runConditionStatuses": [
          "SUCCESS",
          "WARNING"
        ],
        "runConditionExpression": "",
        "resetScenarioStatus": false,
        "delayBetweenRetries": 10,
        "maxRetriesOnFail": 0,
        "params": {
          "builds": [
            {
              "type": "DATASET",
              "itemId": "nba_knapsack_output",
              "partitionsSpec": ""
            }
          ],
          "jobType": "NON_RECURSIVE_FORCED_BUILD",
          "refreshHiveMetastore": true,
          "proceedOnFailure": false
        }
      }
    ]
  },
  "automationLocal": false,
  "customFields": {}
}