[
  {
    "execSQLLike": false,
    "localDatasets": [],
    "projectPrivileges": {
      "admin": false,
      "readProjectContent": false,
      "writeProjectContent": false,
      "exportDatasetsData": false,
      "readDashboards": false,
      "writeDashboards": false,
      "moderateDashboards": false,
      "runScenarios": false,
      "manageDashboardAuthorizations": false,
      "manageExposedElements": false,
      "manageAdditionalDashboardUsers": false,
      "executeApp": false
    },
    "onBehalf": "dwTRmaS",
    "id": "tj0CdGHVNYnttV4Z",
    "key": "dummyKey_jR3nveeuySbikg5bj3FpO0Y3843TeF6E",
    "label": "Key for Web app Web_App_Test(dwTRmaS)",
    "createdOn": 1634132105009
  }
]