{
  "type": "UploadedFiles",
  "managed": false,
  "formatType": "csv",
  "checklists": {
    "checklists": []
  },
  "customMeta": {
    "kv": {}
  },
  "flowOptions": {
    "virtualizable": false,
    "rebuildBehavior": "NORMAL",
    "crossProjectBuildBehavior": "DEFAULT"
  },
  "readWriteOptions": {
    "preserveOrder": false,
    "writeBuckets": 1,
    "forceSingleOutputFile": false,
    "defaultReadOrdering": {
      "enabled": false,
      "rules": []
    }
  },
  "formatParams": {
    "style": "excel",
    "charset": "utf-8",
    "separator": ",",
    "quoteChar": "\"",
    "escapeChar": "\\",
    "dateSerializationFormat": "ISO",
    "arrayMapFormat": "json",
    "hiveSeparators": [
      "\u0002",
      "\u0003",
      "\u0004",
      "\u0005",
      "\u0006",
      "\u0007",
      "\b"
    ],
    "skipRowsBeforeHeader": 0,
    "parseHeaderRow": true,
    "skipRowsAfterHeader": 0,
    "probableNumberOfRecords": 159,
    "normalizeBooleans": false,
    "normalizeDoubles": true,
    "readAdditionalColumnsBehavior": "INSERT_IN_DATA_WARNING",
    "readMissingColumnsBehavior": "DISCARD_SILENT",
    "readDataTypeMismatchBehavior": "DISCARD_WARNING",
    "writeDataTypeMismatchBehavior": "DISCARD_WARNING",
    "fileReadFailureBehavior": "FAIL",
    "compress": ""
  },
  "partitioning": {
    "ignoreNonMatchingFile": false,
    "considerMissingRequestedPartitionsAsEmpty": false,
    "dimensions": []
  },
  "versionTag": {
    "versionNumber": 1,
    "lastModifiedBy": {
      "login": "nmenghani"
    },
    "lastModifiedOn": 1629209851336
  },
  "creationTag": {
    "versionNumber": 0,
    "lastModifiedBy": {
      "login": "nmenghani"
    },
    "lastModifiedOn": 1629209851162
  },
  "tags": [],
  "params": {
    "uploadFSProviderType": "Filesystem",
    "uploadedConfig": {
      "connection": "filesystem_managed",
      "path": "/uploads/${projectKey}/nba_upload",
      "notReadyIfEmpty": false,
      "filesSelectionRules": {
        "mode": "ALL",
        "excludeRules": [],
        "includeRules": [],
        "explicitFiles": []
      }
    },
    "connection": "filesystem_managed",
    "notReadyIfEmpty": false,
    "filesSelectionRules": {
      "mode": "ALL",
      "excludeRules": [],
      "includeRules": [],
      "explicitFiles": []
    }
  },
  "schema": {
    "columns": [
      {
        "name": "Date",
        "type": "string"
      },
      {
        "name": "Date_Parsed",
        "type": "string"
      },
      {
        "name": "Name",
        "type": "string"
      },
      {
        "name": "Year",
        "type": "string"
      },
      {
        "name": "Dow",
        "type": "string"
      },
      {
        "name": "PG",
        "type": "string"
      },
      {
        "name": "SG",
        "type": "string"
      },
      {
        "name": "SF",
        "type": "string"
      },
      {
        "name": "PF",
        "type": "string"
      },
      {
        "name": "C",
        "type": "string"
      },
      {
        "name": "Starter",
        "type": "string"
      },
      {
        "name": "Team",
        "type": "string"
      },
      {
        "name": "Home",
        "type": "string"
      },
      {
        "name": "Season",
        "type": "string"
      },
      {
        "name": "Salary_DK",
        "type": "string"
      },
      {
        "name": "Points_DK",
        "type": "string"
      },
      {
        "name": "Salary_FD",
        "type": "string"
      },
      {
        "name": "Points_FD",
        "type": "string"
      },
      {
        "name": "Name_BBRef",
        "type": "string"
      },
      {
        "name": "Height",
        "type": "string"
      },
      {
        "name": "Weight",
        "type": "string"
      },
      {
        "name": "Age",
        "type": "string"
      },
      {
        "name": "Top_5_College",
        "type": "string"
      },
      {
        "name": "MP_Career",
        "type": "string"
      },
      {
        "name": "FGM_Career",
        "type": "string"
      },
      {
        "name": "FGA_Career",
        "type": "string"
      },
      {
        "name": "3PM_Career",
        "type": "string"
      },
      {
        "name": "3PA_Career",
        "type": "string"
      },
      {
        "name": "2PM_Career",
        "type": "string"
      },
      {
        "name": "2PA_Career",
        "type": "string"
      },
      {
        "name": "FTM_Career",
        "type": "string"
      },
      {
        "name": "FTA_Career",
        "type": "string"
      },
      {
        "name": "ORB_Career",
        "type": "string"
      },
      {
        "name": "DRB_Career",
        "type": "string"
      },
      {
        "name": "REB_Career",
        "type": "string"
      },
      {
        "name": "AST_Career",
        "type": "string"
      },
      {
        "name": "STL_Career",
        "type": "string"
      },
      {
        "name": "BLK_Career",
        "type": "string"
      },
      {
        "name": "TO_Career",
        "type": "string"
      },
      {
        "name": "PF_Career",
        "type": "string"
      },
      {
        "name": "PTS_Career",
        "type": "string"
      },
      {
        "name": "GP_Career",
        "type": "string"
      },
      {
        "name": "GS_Career",
        "type": "string"
      },
      {
        "name": "Seasons_Played",
        "type": "string"
      },
      {
        "name": "GP_Season",
        "type": "string"
      },
      {
        "name": "GS_Season",
        "type": "string"
      },
      {
        "name": "MP_Season",
        "type": "string"
      },
      {
        "name": "PTS_Season",
        "type": "string"
      },
      {
        "name": "REB_Season",
        "type": "string"
      },
      {
        "name": "AST_Season",
        "type": "string"
      },
      {
        "name": "STL_Season",
        "type": "string"
      },
      {
        "name": "BLK_Season",
        "type": "string"
      },
      {
        "name": "TO_Season",
        "type": "string"
      },
      {
        "name": "3PM_Season",
        "type": "string"
      },
      {
        "name": "FGM_Season",
        "type": "string"
      },
      {
        "name": "FGA_Season",
        "type": "string"
      },
      {
        "name": "FTM_Season",
        "type": "string"
      },
      {
        "name": "FTA_Season",
        "type": "string"
      },
      {
        "name": "GS_L10_Mean",
        "type": "string"
      },
      {
        "name": "MP_L10_Mean",
        "type": "string"
      },
      {
        "name": "PTS_L10_Mean",
        "type": "string"
      },
      {
        "name": "REB_L10_Mean",
        "type": "string"
      },
      {
        "name": "AST_L10_Mean",
        "type": "string"
      },
      {
        "name": "STL_L10_Mean",
        "type": "string"
      },
      {
        "name": "BLK_L10_Mean",
        "type": "string"
      },
      {
        "name": "TO_L10_Mean",
        "type": "string"
      },
      {
        "name": "3PM_L10_Mean",
        "type": "string"
      },
      {
        "name": "FGM_L10_Mean",
        "type": "string"
      },
      {
        "name": "FGA_L10_Mean",
        "type": "string"
      },
      {
        "name": "FTM_L10_Mean",
        "type": "string"
      },
      {
        "name": "FTA_L10_Mean",
        "type": "string"
      },
      {
        "name": "GS_L10_Std",
        "type": "string"
      },
      {
        "name": "MP_L10_Std",
        "type": "string"
      },
      {
        "name": "PTS_L10_Std",
        "type": "string"
      },
      {
        "name": "REB_L10_Std",
        "type": "string"
      },
      {
        "name": "AST_L10_Std",
        "type": "string"
      },
      {
        "name": "STL_L10_Std",
        "type": "string"
      },
      {
        "name": "BLK_L10_Std",
        "type": "string"
      },
      {
        "name": "TO_L10_Std",
        "type": "string"
      },
      {
        "name": "3PM_L10_Std",
        "type": "string"
      },
      {
        "name": "FGM_L10_Std",
        "type": "string"
      },
      {
        "name": "FGA_L10_Std",
        "type": "string"
      },
      {
        "name": "FTM_L10_Std",
        "type": "string"
      },
      {
        "name": "FTA_L10_Std",
        "type": "string"
      },
      {
        "name": "Points_DK_Season",
        "type": "string"
      },
      {
        "name": "Points_FD_Season",
        "type": "string"
      },
      {
        "name": "Points_DK_L10_Mean",
        "type": "string"
      },
      {
        "name": "Points_FD_L10_Mean",
        "type": "string"
      },
      {
        "name": "Points_DK_L10_Std",
        "type": "string"
      },
      {
        "name": "Points_FD_L10_Std",
        "type": "string"
      },
      {
        "name": "GS_L10_Floor",
        "type": "string"
      },
      {
        "name": "MP_L10_Floor",
        "type": "string"
      },
      {
        "name": "PTS_L10_Floor",
        "type": "string"
      },
      {
        "name": "REB_L10_Floor",
        "type": "string"
      },
      {
        "name": "AST_L10_Floor",
        "type": "string"
      },
      {
        "name": "STL_L10_Floor",
        "type": "string"
      },
      {
        "name": "BLK_L10_Floor",
        "type": "string"
      },
      {
        "name": "TO_L10_Floor",
        "type": "string"
      },
      {
        "name": "3PM_L10_Floor",
        "type": "string"
      },
      {
        "name": "FGM_L10_Floor",
        "type": "string"
      },
      {
        "name": "FGA_L10_Floor",
        "type": "string"
      },
      {
        "name": "FTM_L10_Floor",
        "type": "string"
      },
      {
        "name": "FTA_L10_Floor",
        "type": "string"
      },
      {
        "name": "Points_DK_L10_Floor",
        "type": "string"
      },
      {
        "name": "Points_FD_L10_Floor",
        "type": "string"
      },
      {
        "name": "GS_L10_Ceil",
        "type": "string"
      },
      {
        "name": "MP_L10_Ceil",
        "type": "string"
      },
      {
        "name": "PTS_L10_Ceil",
        "type": "string"
      },
      {
        "name": "REB_L10_Ceil",
        "type": "string"
      },
      {
        "name": "AST_L10_Ceil",
        "type": "string"
      },
      {
        "name": "STL_L10_Ceil",
        "type": "string"
      },
      {
        "name": "BLK_L10_Ceil",
        "type": "string"
      },
      {
        "name": "TO_L10_Ceil",
        "type": "string"
      },
      {
        "name": "3PM_L10_Ceil",
        "type": "string"
      },
      {
        "name": "FGM_L10_Ceil",
        "type": "string"
      },
      {
        "name": "FGA_L10_Ceil",
        "type": "string"
      },
      {
        "name": "FTM_L10_Ceil",
        "type": "string"
      },
      {
        "name": "FTA_L10_Ceil",
        "type": "string"
      },
      {
        "name": "Points_DK_L10_Ceil",
        "type": "string"
      },
      {
        "name": "Points_FD_L10_Ceil",
        "type": "string"
      },
      {
        "name": "Opp_PTS_Scored",
        "type": "string"
      },
      {
        "name": "Opp_PTS_Allowed",
        "type": "string"
      },
      {
        "name": "Opp_REB_Scored",
        "type": "string"
      },
      {
        "name": "Opp_AST_Scored",
        "type": "string"
      },
      {
        "name": "Opp_STL_Scored",
        "type": "string"
      },
      {
        "name": "Opp_BLK_Scored",
        "type": "string"
      },
      {
        "name": "Opp_TO_Scored",
        "type": "string"
      },
      {
        "name": "Opp_3PM_Scored",
        "type": "string"
      },
      {
        "name": "Opp_FGM_Scored",
        "type": "string"
      },
      {
        "name": "Opp_FGA_Scored",
        "type": "string"
      },
      {
        "name": "Opp_FTM_Scored",
        "type": "string"
      },
      {
        "name": "Opp_FTA_Scored",
        "type": "string"
      },
      {
        "name": "Opp_Points_DK_Scored",
        "type": "string"
      },
      {
        "name": "Opp_Points_FD_Scored",
        "type": "string"
      },
      {
        "name": "Opp_PTS_Allowed_Position",
        "type": "string"
      },
      {
        "name": "Opp_REB_Allowed_Position",
        "type": "string"
      },
      {
        "name": "Opp_AST_Allowed_Position",
        "type": "string"
      },
      {
        "name": "Opp_BLK_Allowed_Position",
        "type": "string"
      },
      {
        "name": "Opp_TO_Allowed_Position",
        "type": "string"
      },
      {
        "name": "Opp_3PM_Allowed_Position",
        "type": "string"
      },
      {
        "name": "Opp_FGM_Allowed_Position",
        "type": "string"
      },
      {
        "name": "Opp_FGA_Allowed_Position",
        "type": "string"
      },
      {
        "name": "Opp_FTM_Allowed_Position",
        "type": "string"
      },
      {
        "name": "Opp_FTA_Allowed_Position",
        "type": "string"
      },
      {
        "name": "Opp_Points_DK_Allowed_Position",
        "type": "string"
      },
      {
        "name": "Opp_Points_FD_Allowed_Position",
        "type": "string"
      },
      {
        "name": "Opp_Points_DK_Allowed",
        "type": "string"
      },
      {
        "name": "Opp_Points_FD_Allowed",
        "type": "string"
      },
      {
        "name": "Opp_Win_Percentage",
        "type": "string"
      },
      {
        "name": "Team_Points_DK_Scored",
        "type": "string"
      },
      {
        "name": "Points_DK_Share",
        "type": "string"
      },
      {
        "name": "Team_Points_FD_Scored",
        "type": "string"
      },
      {
        "name": "Points_FD_Share",
        "type": "string"
      },
      {
        "name": "GP%",
        "type": "string"
      },
      {
        "name": "prediction",
        "type": "string"
      },
      {
        "name": "error",
        "type": "string"
      },
      {
        "name": "error_decile",
        "type": "string"
      },
      {
        "name": "abs_error_decile",
        "type": "string"
      },
      {
        "name": "relative_error",
        "type": "string"
      }
    ],
    "userModified": true
  },
  "dkuProperties": [],
  "metrics": {
    "probes": [
      {
        "type": "basic",
        "enabled": true,
        "computeOnBuildMode": "PARTITION",
        "meta": {
          "name": "Basic data",
          "level": 0
        },
        "configuration": {}
      },
      {
        "type": "records",
        "enabled": true,
        "computeOnBuildMode": "NO",
        "meta": {
          "name": "Record count",
          "level": 0
        },
        "configuration": {}
      }
    ],
    "engineConfig": {
      "padRunsWithMetrics": false,
      "hive": {
        "active": true,
        "extraConf": []
      },
      "basic": {},
      "dss": {
        "active": true,
        "selection": {
          "useMemTable": false,
          "filter": {
            "distinct": false,
            "enabled": false
          },
          "partitionSelectionMethod": "ALL",
          "latestPartitionsN": 1,
          "ordering": {
            "enabled": false,
            "rules": []
          },
          "samplingMethod": "FULL",
          "maxRecords": -1,
          "targetRatio": 0.02,
          "withinFirstN": -1,
          "maxReadUncompressedBytes": -1
        }
      },
      "sql": {
        "active": true
      },
      "impala": {
        "active": true
      },
      "spark": {
        "active": true,
        "extraConf": []
      },
      "python": {}
    },
    "displayedState": {
      "columns": [],
      "metrics": [
        "basic:COUNT_COLUMNS",
        "basic:COUNT_FILES",
        "basic:SIZE",
        "records:COUNT_RECORDS"
      ]
    }
  },
  "metricsChecks": {
    "runOnBuild": false,
    "checks": [],
    "displayedState": {
      "checks": []
    }
  },
  "customFields": {
    "gdpr_contains_personal_data": "UNSURE"
  }
}