{
  "type": "python",
  "neverRecomputeExistingPartitions": false,
  "optionalDependencies": false,
  "params": {
    "envSelection": {
      "envMode": "EXPLICIT_ENV",
      "envName": "Neil_py36"
    },
    "containerSelection": {
      "containerMode": "NONE",
      "containerConf": "Test"
    },
    "skipPrerunValidate": false
  },
  "customMeta": {
    "kv": {}
  },
  "redispatchPartitioning": false,
  "maxRunningActivities": 0,
  "variables": {},
  "dkuProperties": [],
  "inputs": {
    "main": {
      "items": [
        {
          "ref": "nba_knapsack_prep",
          "deps": [
            {
              "idim": "Date_Parsed",
              "func": "all_available",
              "params": {},
              "expandVariables": false
            }
          ]
        }
      ]
    }
  },
  "outputs": {
    "main": {
      "items": [
        {
          "ref": "nba_knapsack_output",
          "appendMode": false
        }
      ]
    }
  },
  "labels": [],
  "versionTag": {
    "versionNumber": 12,
    "lastModifiedBy": {
      "login": "admin"
    },
    "lastModifiedOn": 1639591651740
  },
  "creationTag": {
    "versionNumber": 0,
    "lastModifiedBy": {
      "login": "nmenghani"
    },
    "lastModifiedOn": 1629209726614
  },
  "tags": [],
  "customFields": {},
  "checklists": {
    "checklists": []
  }
}